Mekan_Adi,Enlem,Boylam,Kategori
Barbaros Hayrettin Türbesi,41.0419227,29.0068359,Turistik Yer
Kanburun Bahçesi,41.042587,29.0038953,Turistik Yer
Erbilgin Yalısı,41.1189172,29.0684191,Turistik Yer
Besteci Faik Canselen'in Evi,41.1188112,29.0641646,Turistik Yer
Yılanlı Sütun,41.0056649,28.9751101,Turistik Yer
Sabancı Üniversitesi Sakıp Sabancı Müzesi,41.106019,29.0556289,Turistik Yer
Çemberlitaş Hamamı,41.0085416,28.9716244,Turistik Yer
Siyavuşpaşa Kasrı,41.0005858,28.8514348,Turistik Yer
Belgrad Kapı,40.99983,28.920538,Turistik Yer
Silivrikapı,41.0060826,28.9218299,Turistik Yer
Askerî Müze,41.0488755,28.9882427,Turistik Yer
Miniatürk Açıkhava Müzesi,41.059005,28.9490675,Turistik Yer
BJK 100 Yıl Kartal Heykeli,41.0435474,29.0041967,Turistik Yer
Hatice Turhan Sultan Türbesi,41.0162025,28.9719047,Turistik Yer
Magnaura Sarayı,41.0054477,28.9796589,Turistik Yer
Osmanlı Bankası Müzesi,41.0238356,28.9736169,Turistik Yer
Istanbul Photography Museum,41.0046397,28.967754,Turistik Yer
Ancient Hippodrome Substructure,41.004072,28.973413,Turistik Yer
Milyon Taşı,41.0080674,28.9780181,Turistik Yer
Garipçe Kalesi,41.2140768,29.1106021,Turistik Yer
Pompeus Sütunu / Roke Kayalıkları,41.23394,29.1157573,Turistik Yer
Rumeli Kavağı Tabyaları,41.1820279,29.0746658,Turistik Yer
Ancient Roman Ruins,41.0010689,28.6905849,Turistik Yer
Büyükçekmece Kervansaray (Kurşunlu Han),41.0219982,28.5757305,Turistik Yer
Cumhuriyet Anıtı,41.0369723,28.9851248,Turistik Yer
Sadun Oda Boro Heykeli,40.9766053,29.0411538,Turistik Yer
Lefter Küçükandonyadis Heykeli,40.9864334,29.0339763,Turistik Yer
Yunus Emre Heykeli,40.9852779,29.0336422,Turistik Yer
Süreyya İlmen Heykeli,40.9869314,29.0337289,Turistik Yer
Atatürk Anıtı,40.980354,29.0239767,Turistik Yer
Osmanlı Hamam Kalıntısı,40.987487,29.028564,Turistik Yer
2. Abdülhamit Anıtı,41.0017691,29.0071158,Turistik Yer
Fazıl Hüsnü Dağlarca Heykeli,40.9790323,29.0397211,Turistik Yer
Osman Hamdi Bey Heykeli,40.9800644,29.0387997,Turistik Yer
Aslı Nemutlu Heykeli,40.9796099,29.0392155,Turistik Yer
Binbirdirek Sarnıcı,41.007606,28.9744173,Turistik Yer
St. George's Anglikan Kilisesi,41.1909401,28.9623135,Turistik Yer
Vecihi Hürkuş Heykeli,40.9843724,29.0392821,Turistik Yer
Filiboz Antik Bizans kasabası,41.1261093,28.7018667,Turistik Yer
Devlet baba türbesi,41.1540243,28.6757334,Turistik Yer
Atatürk Heykeli,40.9597526,29.190948,Turistik Yer
Seyit Onbaşı Heykeli,40.959791,29.1918835,Turistik Yer
Boğa Heykeli,40.9904912,29.0292074,Turistik Yer
Fransız Kültür Merkezi,41.0362806,28.9841655,Turistik Yer
Manifaturaci Draper,41.0148075,28.9710909,Turistik Yer
Kıztaşı,41.0154411,28.9502846,Turistik Yer
Atatürk,41.0150527,28.9768215,Turistik Yer
Yıldız Seramik Fabrikası,41.0482849,29.0188194,Turistik Yer
Fatih Sultan Mehmet Anıtı,41.0155727,28.9542189,Turistik Yer
Hava Şehitleri Anıtı,41.0160748,28.9526349,Turistik Yer
Adam Mickiewicz Müzesi,41.0387821,28.9771474,Turistik Yer
Hamal,41.0144875,28.9729077,Turistik Yer
Masumiyet Müzesi,41.0308716,28.9797952,Turistik Yer
Mithat Paşa,41.0042194,28.9733768,Turistik Yer
Halı Müzesi,41.0056817,28.9786693,Turistik Yer
Koca Sinan Paşa Külliyesi,41.0088088,28.9690637,Turistik Yer
Kara Mustafa Paşa Külliyesi,41.0087157,28.9677599,Turistik Yer
Atik Ali Paşa Medresesi,41.0084081,28.9699808,Turistik Yer
Bayram Paşa Külliyesi,41.0087737,28.9423415,Turistik Yer
Galatasaray Müzesi,41.0334816,28.9769398,Turistik Yer
Yedi Kule Hisarı Müzesi,40.9935689,28.9239308,Turistik Yer
Sevda Tepesi,41.075268,29.0653173,Turistik Yer
Muzeum Adama Mickiewicza,41.0387821,28.9771474,Turistik Yer
Kartonpiyer Müzesi,41.029581,28.9789875,Turistik Yer
Süvari Birliği Nalbanthanesi,41.1085896,29.0106977,Turistik Yer
Panorama Zafer Müzesi,41.0607508,28.947846,Turistik Yer
Ahmet Adnan Saygun Heykeli,41.0685915,29.0299016,Turistik Yer
Akatlar Kültür Merkezi,41.0804147,29.0276006,Turistik Yer
Zindan baba Türbesi,41.0187867,28.9691768,Turistik Yer
Veliefendi Hipodrumu,40.98816,28.88538,Turistik Yer
Rüzgar Değirmeni,40.8829671,29.0892565,Turistik Yer
Yıldız Sarayı,41.0507108,29.0117042,Turistik Yer
Alibeyköy Mısır Heykeli,41.0748485,28.9467619,Turistik Yer
Tombili Heykeli,40.9889806,29.0418274,Turistik Yer
Kanuni Sultan Suleyman 1 Turbesi,41.0156999,28.9644663,Turistik Yer
Hurrem Haseki (Roksolana) Turbesi,41.0156683,28.9648085,Turistik Yer
Molla Gurani Turbesi,41.0110693,28.9418324,Turistik Yer
Kartallı Kazım Anıtı,40.8962861,29.185872,Turistik Yer
Saat Kulesi,40.8741241,29.1286022,Turistik Yer
cuma pazar,41.0113817,28.9408685,Turistik Yer
Kuzguncuk Gazhanesi,41.035972,29.0350237,Turistik Yer
Gotlar Sütunu,41.0146409,28.9856774,Turistik Yer
Kapali Carsi,41.0101095,28.969963,Turistik Yer
Aya Nikola Rum Ortodoks Kilisesi,41.1206302,29.0684655,Turistik Yer
Surp Hıripsimyans Ermeni Apostok Kilisesi,41.159388,29.0396946,Turistik Yer
Hz Yuşa Cami,41.162287,29.08463,Turistik Yer
Gezi Parkı Fıskiye,41.0389482,28.9869652,Turistik Yer
Atatürk Büstü,40.9849088,29.0338966,Turistik Yer
ATATÜRK Heykeli,40.9656268,29.2673074,Turistik Yer
Ali Suavi Anıtı,40.9896047,29.0290813,Turistik Yer
SALT Galata,41.0238724,28.9734736,Turistik Yer
Bükücüler Han,41.0096327,29.0143802,Turistik Yer
Borusan Sanat,41.0303466,28.9754498,Turistik Yer
ISTANBUL'74,41.0332891,28.9795904,Turistik Yer
Bomontiada,41.0583185,28.9808053,Turistik Yer
Selimiye Hamami,41.0103358,29.0166858,Turistik Yer
Meşher,41.0304385,28.9757547,Turistik Yer
AK Bank Sanat Galerisi,41.0359382,28.9831097,Turistik Yer
Dogançay Müzesi,41.0357703,28.9783705,Turistik Yer
Türvak Türker Inanoglu Vakfi,41.0326418,28.9777224,Turistik Yer
Laleli,41.0086939,28.9557286,Turistik Yer
Terrace Fulya,41.0074547,29.0435884,Turistik Yer
Turkuazoo,41.0455958,28.896211,Turistik Yer
Ayios Polieuktos Kilisesi,41.0142319,28.9529591,Turistik Yer
M.K. Atatürk & Salvador Allende,40.9904492,29.1259111,Turistik Yer
Altınkapı,40.9919043,28.9220657,Turistik Yer
Imrahor ilyasbey mezarlığı,40.9962681,28.9281396,Turistik Yer
Şeyh Ahmet Buhara Türbesi,41.0231601,28.9602598,Turistik Yer
Rezan Has Museum,41.0252799,28.9584325,Turistik Yer
Seyyit Velayet Türbesi,41.0238481,28.954732,Turistik Yer
Panayia Belgradu Kilisesi,41.0001135,28.9219792,Turistik Yer
Hamidiye Kültür Ve Eğitim Vakfı Topkapı Nusret,41.0196249,28.9277844,Turistik Yer
Lions Rug and kilims Art Gallery,41.0128714,28.9778917,Turistik Yer
II. Abdülhamit Çeşmesi,41.0147801,28.9790412,Turistik Yer
İstanbul Demiryolu Müzesi,41.0151993,28.9766829,Turistik Yer
Sultan Spa and Wellness Center,41.0123762,28.977568,Turistik Yer
Hodjapasta,41.0142713,28.9756894,Turistik Yer
Tasciri Spettacolo,41.0140444,28.9756133,Turistik Yer
Paşa Kapısı,41.0111434,28.9779823,Turistik Yer
Cevri Kalfa Çeşmesi,41.0080019,28.9767691,Turistik Yer
Hacı Beşir Ağa Çeşmesi,41.0082515,28.9779961,Turistik Yer
Molla Hüsrev cami Turbası,41.0147778,28.959381,Turistik Yer
Beyazıt Türk Hamam Kültürü Müzesi,41.0099458,28.9615545,Turistik Yer
Abdullah El Ensari Türbesi,41.0332977,28.944349,Turistik Yer
Ebuzer Gifari Türbesi,41.0376062,28.9428599,Turistik Yer
İvaz Efendi Çeşmesi,41.0378888,28.9411463,Turistik Yer
Ebu Şeybe El-Hudri Türbesi,41.039341,28.9414828,Turistik Yer
Türk ve İslam Eserleri Müzesi,41.0062801,28.974915,Turistik Yer
Molla Gorani Hazretlerinin Kabri,41.0112305,28.9411363,Turistik Yer
Sahabe-i Kiramdan Abdurrahman Şami Türbesi,41.0066904,28.9791454,Turistik Yer
İslam bilim ve teknoloji tarihi müzesi,41.0132188,28.9789678,Turistik Yer
Tarihi Hacı Kadın Hamamı,40.9997863,28.9274893,Turistik Yer
Şeyh Seyyid Seyfullah Hz.,41.0071684,28.9269866,Turistik Yer
Dumankaya Adres Lobi,40.8623461,29.3343936,Turistik Yer
Cumhuriyet Meydanı,40.9812405,28.8738949,Turistik Yer
Abdulmecit Efendi Köşkü,41.0282408,29.0415462,Turistik Yer
Marmara Üniversitesi Cumhuriyet Müzesi ve Sanat Galerisi,41.0051858,28.9743891,Turistik Yer
İstanbul Cumhuriyet Eğitim Müzesi,41.0049596,28.9739331,Turistik Yer
Mehmet Efendi Çeşmesi,41.0031805,28.9720795,Turistik Yer
Pera Spa,41.0105966,28.9731818,Turistik Yer
Türkiye Gazeteciler Cemiyeti Basın Müzesi,41.0085619,28.9722162,Turistik Yer
Karababa Türbesi,41.0083008,28.9692078,Turistik Yer
Merzifonlu Kara Mustafa Paşa Medresesi,41.008669,28.9679366,Turistik Yer
Yahya Kemal Museum,41.008741,28.967614,Turistik Yer
Çorlulu Alipaşa Madresesi,41.0089122,28.9683181,Turistik Yer
Fatih Sultan Mehmet Heykeli,41.0353157,28.9184913,Turistik Yer
Cow Statue,41.1081763,29.0342498,Turistik Yer
Walkway Monuments,41.1063201,29.0280643,Turistik Yer
Balerin Heykeli,41.1046962,29.0235944,Turistik Yer
صرافی,41.0357451,28.981708,Turistik Yer
Aycan turizm,40.9675965,29.2660832,Turistik Yer
Sarayburnu Atatürk Anıtı,41.016263,28.9861325,Turistik Yer
Cezayirli Gazi Hasan Paşa Anıtı,41.0305744,28.9670993,Turistik Yer
Labirent-maze,41.0595777,28.9495675,Turistik Yer
Kristal Istanbul,41.0606675,28.9478424,Turistik Yer
Nice Ajax Füzesi,40.9644738,28.825573,Turistik Yer
Mavi Isik G,40.9647099,28.8251255,Turistik Yer
Birinci dünya savasi (1914 - 1918),40.9637619,28.8264748,Turistik Yer
Dornier Do 28 D-1,40.9632247,28.8265234,Turistik Yer
500. Yıl Vakfı Türk Musevileri Müzesi,41.0267866,28.9727283,Turistik Yer
Buharizade Mustafa Efendi (Itri),41.0345631,28.9332608,Turistik Yer
Surp Kevork Kilisesi,41.0018646,28.9331468,Turistik Yer
Çiçek Pasajı,41.0340997,28.9779211,Turistik Yer
İstanbul Modern Sanat Müzesi,41.025911,28.982812,Turistik Yer
Pireci Studio,41.0526945,29.2379176,Turistik Yer
belgradkapı tesisleri,41.0019893,28.9185699,Turistik Yer
Fransiz Gecidi,41.0245125,28.9793708,Turistik Yer
Eğrikapı,41.0364729,28.9393976,Turistik Yer
Borusan Holding,41.0892526,29.0565723,Turistik Yer
Charlie Chaplin Köşesi,41.0250792,28.9788924,Turistik Yer
Fransız Geçidi,41.024615,28.9792854,Turistik Yer
Şehit Uğur Taşçı Anıtı,41.1325992,29.0401268,Turistik Yer
Saray Koleksiyonları Müzesi,41.04121,29.004119,Turistik Yer
Sabanci Universitesi Kasa Galerisi,41.0238431,28.9750813,Turistik Yer
Selamiali efendi mezarı,41.0236472,29.0296013,Turistik Yer
mezarlık,41.0562805,29.0577323,Turistik Yer
Melantias,41.0584379,28.7383917,Turistik Yer
Tarihi Hamam,41.1761776,29.6118871,Turistik Yer
Surp Boğos,41.1622847,29.046941,Turistik Yer
Prison of Anemas,41.038414,28.9407981,Turistik Yer
1453,41.025896,29.0099698,Turistik Yer
Canfeda Tekkesi Haziresi,41.0320931,28.9896659,Turistik Yer
Spradon,41.0686511,28.7086192,Turistik Yer
Zosia Teyze'nin Anı Evi,41.1100143,29.2099873,Turistik Yer
Turgut Reis,41.013336,28.9874944,Turistik Yer
Merdivenli Yokuş Evleri,41.0313056,28.9462268,Turistik Yer
Bamboo Beach,41.2452616,29.0273091,Turistik Yer
منزل ايهاب أبو عرمانة,41.0517652,28.837693,Turistik Yer
Fikret Mualla,40.9834102,29.0332241,Turistik Yer
Zübeyde Hanim,41.0187122,29.0131431,Turistik Yer
Pelit Çıkolata Müzesi,41.0585054,28.6646441,Turistik Yer
Altıntepsi Su Terazisi,41.0346712,28.8968447,Turistik Yer
Sadrazam Bahir Mustafa Paşa Çeşmesi,41.0425394,28.9181886,Turistik Yer
Tarihi Sütun,41.0120877,29.0550874,Turistik Yer
15 Temmuz Şehitleri Zafer Anıtı,41.03699,29.0422754,Turistik Yer
İstanbul’un Orta Noktası,41.0131228,28.957839,Turistik Yer
Peace Pole,41.0830989,29.0522193,Turistik Yer
Kamondo Merdivenleri,41.0239741,28.9737825,Turistik Yer
Binkılıç Bizans Kalesi,41.419602,28.189778,Turistik Yer
şişecam paşabahçe tuzla,40.8398157,29.3134604,Turistik Yer
Abacı Dede Türbesi,41.0195837,29.0224407,Turistik Yer
Emin Baba Tekkesi,41.0325687,28.9362445,Turistik Yer
Discovery Museum,41.0673647,28.691469,Turistik Yer
Büyükçekmece Atatürk Anıtı,41.0191302,28.5832365,Turistik Yer
Şampiyonlar Anıtı,41.0207103,28.5859734,Turistik Yer
ARSAMIN YERİ,41.2354596,28.5648025,Turistik Yer
Sarıkavak Kalesi,41.0185817,29.6458173,Turistik Yer
Plaj,40.8384284,29.1207115,Turistik Yer
MSGSÜ Istanbul Resim ve Heykel Müzesi,41.0274396,28.984281,Turistik Yer
İstanbul Havalimanı Müzesi,41.2613157,28.7418358,Turistik Yer
Evcik Plajı,41.4505511,28.38378,Turistik Yer
Anastasias Walls,41.4501814,28.3817695,Turistik Yer
Korugan,41.1085597,28.5523747,Turistik Yer
Zamran Software Web Tasarım Hizmetleri,40.9874199,28.7076407,Turistik Yer
Kuzguncuk,41.0361138,29.0303873,Turistik Yer
Kadife sokak,40.986833,29.026761,Turistik Yer
Mahmut Baba Türbesi,40.9913443,29.0347259,Turistik Yer
Mehmed Kemal Bey sepulchral monument,40.9915271,29.0347446,Turistik Yer
İnadiye Çeşmesi,41.0168678,29.0182018,Turistik Yer
PTT Müzesi,41.0147153,28.9738991,Turistik Yer
Gate of Rhegion,41.014097,28.92199,Turistik Yer
Cebeci Köyü Rum Kilisesi Kalıntıları,41.1223229,28.8837706,Turistik Yer
Nişan Taşı,41.051731,28.9915153,Turistik Yer
Bathonea Arkeolojik Kazı Alanı,41.0329087,28.7337663,Turistik Yer
Fildamı,40.9930736,28.8861061,Turistik Yer
Dragos Arkeolojik Kazı Alanı,40.9031308,29.1511392,Turistik Yer
Şerife Bacı Anıtı,41.115819,28.9981836,Turistik Yer
Beyazit Kulesi,41.0113939,28.9646825,Turistik Yer
Istiklâl Caddesi,41.0346417,28.9801102,Turistik Yer
Türk Eczacılık Tarihi İhtisas Müzesi,41.0108493,28.9631157,Turistik Yer
İstanbul Üniversitesi Rıdvan Çelikel Arkeoloji Müzesi,41.0098561,28.9601156,Turistik Yer
Bizans Zindanları,40.8650138,28.9930175,Turistik Yer
Henry Bulwer Şatosu,40.8647943,28.9957822,Turistik Yer
Geriye Kalanlar,40.8652275,28.9954466,Turistik Yer
Açık Hava Sergisi,40.8644833,28.9949006,Turistik Yer
Nakkaş Sarnıcı,41.0041016,28.9751527,Turistik Yer
İslambey Çeşmesi,41.0514574,28.9267588,Turistik Yer
Ahmet Hulusi Dörtışık Hayratı,41.0526884,28.9194951,Turistik Yer
Hasan Rıza Paşa Çeşmesi,41.0523275,28.9157172,Turistik Yer
Korugan 29,41.3065035,28.5293046,Turistik Yer
Korugan 26,41.3040645,28.5260578,Turistik Yer
Korugan 32,41.3180905,28.5340275,Turistik Yer
Korugan 23,41.3011676,28.5159078,Turistik Yer
Korugan 19,41.2740964,28.5121983,Turistik Yer
Alaiye Anıtı,41.2738333,28.5131693,Turistik Yer
Korugan 234,41.2856674,28.509551,Turistik Yer
Korugan 233,41.2862216,28.5089877,Turistik Yer
Korugan 235,41.2852864,28.5099949,Turistik Yer
Korugan 236,41.2844258,28.50972,Turistik Yer
Korugan 252,41.2526039,28.5163558,Turistik Yer
Korugan 30,41.2518024,28.5294369,Turistik Yer
Korugan 253,41.2514343,28.5215914,Turistik Yer
Korugan 247,41.2492383,28.5195999,Turistik Yer
Korugan 248,41.2494732,28.5175842,Turistik Yer
Korugan 249,41.2497626,28.5173683,Turistik Yer
Korugan 251,41.2457646,28.5117477,Turistik Yer
Korugan 245,41.2610556,28.514607,Turistik Yer
Korugan 21,41.2611746,28.5139069,Turistik Yer
Korugan 15,41.2624468,28.5086444,Turistik Yer
Korugan 240,41.2550529,28.5017002,Turistik Yer
Korugan 12,41.2555349,28.5060655,Turistik Yer
Korugan 11,41.2583064,28.5052782,Turistik Yer
Korugan 10,41.2585241,28.5054727,Turistik Yer
Mermer Anıtı,40.986962,29.0525299,Turistik Yer
Jet Uçağı Anıtı,40.9853863,29.0541508,Turistik Yer
Colorful houses,41.029576,28.9476317,Turistik Yer
Çulsuz'un Yeri,41.2992017,28.1221174,Turistik Yer
Illusion Museum,41.02917,28.9749298,Turistik Yer
Lefter Heykeli,40.9871874,29.0341115,Turistik Yer
ARTER,41.0408994,28.9787641,Turistik Yer
tab ilaç,41.0721481,28.6298674,Turistik Yer
Kartal Çeşmesi,40.8900039,29.1871152,Turistik Yer
Zeynep Hanım Çeşmesi,40.91703,29.2234299,Turistik Yer
Çözüm Noktasi,41.0363872,28.9843486,Turistik Yer
Rainbow stairs,41.0165894,28.9666757,Turistik Yer
Çantaköy Tümülüsü 2,41.1111664,28.0675176,Turistik Yer
Orhan Kemal Müzesi,41.0305186,28.9836008,Turistik Yer
Cumaa Bazaar,41.0110937,28.9404273,Turistik Yer
Kâğıthane Belediyesi Şehir Müzesi,41.0810779,28.9722841,Turistik Yer
Erenköy Station Fountain,40.9739147,29.0754164,Turistik Yer
Yoğurtçu Çeşmesi,40.983629,29.0332419,Turistik Yer
Sait Faik Abasıyanık Museum,40.8810298,29.0674547,Turistik Yer
İsmet İnönü House Museum,40.8781563,29.0935365,Turistik Yer
Üsküp Saat Kulesi,41.0316657,28.9101915,Turistik Yer
Müze Girişi,41.0352023,29.0708351,Turistik Yer
Yıldız Clock Tower,41.0498637,29.0097995,Turistik Yer
Dervişkapı Germesi Kalıntıları,41.3401596,28.3027031,Turistik Yer
Ballıgerme Su kemer,41.3480864,28.2894756,Turistik Yer
Gümüşpınar Germesi,41.3394205,28.290729,Turistik Yer
Mustafa Kemal Atatürk,41.0672216,29.0432167,Turistik Yer
Vodina Caddesi,41.0303242,28.9500978,Turistik Yer
Kiremit Caddesi,41.0295336,28.9476369,Turistik Yer
Topkapi Sarayı,41.011344,28.9832034,Turistik Yer
Merdıvenli Yokuş,41.0312533,28.9462049,Turistik Yer
İçerenköy Kavşağı Heykeli,40.9717768,29.1083884,Turistik Yer
Ulus Parki,41.064028,29.0320536,Turistik Yer
Yıldız Parkı,41.0468738,29.0174847,Turistik Yer
Kuzguncuk Bostani,41.0346796,29.0316292,Turistik Yer
Otağtepe Fatıh Korusu,41.089864,29.0696067,Turistik Yer
Sultan 1.Mahmut Çeşmesi,41.0738466,29.0585462,Turistik Yer
Hababam Sınıfı Müzesi,41.0136158,29.0419533,Turistik Yer
Can Bartu heykeli,40.9872304,29.0341218,Turistik Yer
Silivrikapı Hypogeum,41.0066029,28.9219004,Turistik Yer
Şah Anıtı,41.1050457,28.850758,Turistik Yer
Sancaktepe Saat Kulesi,40.9855982,29.2296721,Turistik Yer
Taâvün Çeşmesi,41.0511855,28.9224391,Turistik Yer
X Media Art Müsesi,40.993222,29.1253363,Turistik Yer
Yerebatan Sarnıcı,41.0084795,28.9783826,Turistik Yer
Modern saat Kulesi,40.8265677,29.325352,Turistik Yer
1923,41.0258266,29.0094982,Turistik Yer
Ay bike sokagi,41.0903351,29.003977,Turistik Yer
Çoban Çeşmesi,40.993706,28.8194808,Turistik Yer
İSKİ Terkos Su Medeniyetleri Müzesi,41.3007516,28.6735305,Turistik Yer
Hazzopulo Pasajı,41.0333902,28.9760307,Turistik Yer
Sohum Kalesi Kitâbesi,41.0123834,28.9840355,Turistik Yer
IBB Çubuklu Silolar,41.1088724,29.0828543,Turistik Yer
Ayasofya Tarih ve Deneyim Müzesi,41.0064549,28.9753667,Turistik Yer
Elephant,41.1791526,29.6220333,Turistik Yer
Kayışdağı Suyu Çeşmesi,40.9802988,29.077375,Turistik Yer
Ara Güler Müzesi,41.0583124,28.9803794,Turistik Yer
Rumeli Han туннель,41.0350636,28.9808937,Turistik Yer
Su Havuzu,41.0918277,28.9044202,Turistik Yer
Ağva Feneri,41.140838,29.8513446,Turistik Yer
Ayvat Bendi Tabiat Parkı,41.1969538,28.9198767,Turistik Yer
Mısırlı Hatice Hanım Çeşmesi,41.1761619,29.6101176,Turistik Yer
Hüseyin Rahmi Gürpınar,40.8765193,29.1008982,Turistik Yer
Fethiye Müzesi,41.0292105,28.946518,Turistik Yer
Dolmabahçe Saat Müzesi,41.0376899,28.9963411,Turistik Yer
15 Temmuz'da Tankın Altında Kalan Araç,41.0463297,28.9329086,Turistik Yer
Mavi Marmara Anıtı,41.0954254,28.8785158,Turistik Yer
İBB Bakırköy Ödünç Kütüphane,40.9809416,28.8743693,Turistik Yer
İBB Çubuklu Silolar Kütüphanesi,41.1082453,29.0835867,Turistik Yer
İBB Bulgur Palas Kütüphanesi,41.0069951,28.9440457,Turistik Yer
Rami Kütüphanesi Kasr-ı Hümayun Çeşmeleri,41.0484792,28.9165314,Turistik Yer
Türkiye İş Bankası Resim Heykel Müzesi,41.0315115,28.9759016,Turistik Yer
Caffè Nero,41.0434829,29.0050623,Turistik Yer
Arkadyos Sütunu,41.0077359,28.9430614,Turistik Yer
İstanbul Robot Müzesi,40.9825453,28.7285492,Turistik Yer
Düştepe Oyun Müzesi,40.9936089,29.1124414,Turistik Yer
Uçak,41.0108445,28.5989483,Turistik Yer
Eski Hamam,41.0220856,28.5800394,Turistik Yer
Ulusal Bağımsızlık ve Kuruluş Müzesi,41.0179076,28.5827468,Turistik Yer
Atatürk Devrimleri Müzesi,41.0181895,28.5826466,Turistik Yer
Tarihi Kalıntı,40.8177712,29.3014188,Turistik Yer
Değirmenaltı Kilisesi,40.8205445,29.3232055,Turistik Yer
Padişah Mahfili - Yeni Cami,41.0168929,28.9727768,Turistik Yer
Museum of Turkish & Islamic Arts,41.0343138,29.0708259,Turistik Yer
Hoca Ahmet Tûrânî Kabri,41.0396879,29.0005098,Turistik Yer
Dolmabahçe Sarayı Deniz Kapısı,41.0387281,29.000731,Turistik Yer
Tarihi Kemer Kalıntısı,41.021825,28.952164,Turistik Yer
Gezi Parkı olaylarının gerçekleştiği yer,41.0372496,28.9862711,Turistik Yer
250. Yıl Anıtı,41.1029173,29.0233877,Turistik Yer
Hayalet Bisiklet Anıtı,40.952493,29.0940921,Turistik Yer
Nimelceyş Kabiri,41.0049688,28.9818618,Turistik Yer
Hasan Baba Kabri,41.0044472,28.9815974,Turistik Yer
Bizans Lahdi,41.0043528,28.9812179,Turistik Yer
Hasbahçe Kapısı,41.0145504,28.9866043,Turistik Yer
IV. Mehmet Türbesi,41.0160855,28.9717905,Turistik Yer
Sultan Abdulaziz Han kabri,41.008552,28.9725794,Turistik Yer
V. Murat Türbesi,41.0161468,28.9717123,Turistik Yer
II. Abdülhamid Türbesi,41.0086349,28.972596,Turistik Yer
İstanbul'un Fethi,41.0216527,28.9263123,Turistik Yer
Konstantinopolis Kuşatması (717-718),41.025776,28.9741304,Turistik Yer
Konstantinopolis'in Yağmalanması,41.0385746,28.9405573,Turistik Yer
Mahmut Bey Çeşmesi,40.9696434,29.109356,Turistik Yer
15 Temmuz Darbe Girişiminin başlangıç ​​noktası,41.0510031,29.0282822,Turistik Yer
Validebağ Su Terazisi,41.0170792,29.0436556,Turistik Yer
Salih Çavuş Konutu,41.1125794,29.0899346,Turistik Yer
Lausos Sarayı'nın Kalıntıları,41.007586,28.9755539,Turistik Yer
Polonezköy Ağaç Oyma Heykel Sergisi,41.1098409,29.2111389,Turistik Yer
Fulham Park Cistern,41.0137644,28.9817985,Turistik Yer
Tarihi Hasanderesi Köprüsü,41.0620171,28.7567958,Turistik Yer
Atatürk ve İnönü Heykeli,40.979182,29.0562094,Turistik Yer
Abu Ayb Al Ansari,41.0482228,28.9335266,Turistik Yer
Muhammad Harrani,41.0499278,28.933676,Turistik Yer
Muhammad Al Fatih,41.0192911,28.9502782,Turistik Yer
Muhammad Uthman Sirajuddin Nakshbandi,41.0648204,28.6189573,Turistik Yer
Muhammad Amin Tokadi,41.0200281,28.9581164,Turistik Yer
Abul Vefa,41.0168197,28.9594706,Turistik Yer
Sırrı Süreyya Önder,41.0747102,29.0135605,Turistik Yer
Gülhane Parkı Sarnıcı,41.0138793,28.9817057,Turistik Yer
Altın Tepe Tümülüsü,41.0955836,28.1139305,Turistik Yer
ev2,41.0602107,28.382913,Turistik Yer
Zamba Oyuncak Müzesi,41.0459991,29.2684019,Turistik Yer
Yolçatı Höyüğü,41.1335548,28.1288516,Turistik Yer
Tümülüs,41.110842,28.1126176,Turistik Yer
Çeltik Höyüğü,41.1072518,28.1286626,Turistik Yer
Karaburun Günbatımı Terası,41.3461912,28.6820028,Turistik Yer
Yusuf Aşkin sok.,41.0034842,28.970825,Turistik Yer
Atatürk Havalimanı,41.0602751,28.9487438,Turistik Yer
TBMM,41.0594071,28.9490986,Turistik Yer
Anıtkabir,41.0595414,28.9491213,Turistik Yer
Aspendos,41.0593243,28.9486774,Turistik Yer
ALTINBOYNUZ SOSYAL TESİSİ,41.0578458,28.9456101,İBB Sosyal Tesis
ARNAVUTKÖY SOSYAL TESİSİ,41.067491,29.0448903,İBB Sosyal Tesis
AVCILAR SOSYAL TESİSİ,40.976648,28.743912,İBB Sosyal Tesis
BEYKOZ KORU SOSYAL TESİSİ,41.1316936,29.0942223,İBB Sosyal Tesis
BEYKOZ SAHİL SOSYAL TESİSİ,41.1134095,29.0864284,İBB Sosyal Tesis
BOĞAZKÖY SOSYAL TESİSİ,41.185797,28.765582,İBB Sosyal Tesis
ÇAMLICA SOSYAL TESİSİ,41.027788,29.069052,İBB Sosyal Tesis
CİHANGİR SOSYAL TESİSİ,41.0284966,28.9825361,İBB Sosyal Tesis
DRAGOS SOSYAL TESİSİ,40.9013477,29.1466597,İBB Sosyal Tesis
FETHİPAŞA SOSYAL TESİSİ,41.0333739,29.0259101,İBB Sosyal Tesis
FLORYA SOSYAL TESİSİ,40.960613,28.807588,İBB Sosyal Tesis
GAZİ SOSYAL TESİSİ,41.101274,28.916913,İBB Sosyal Tesis
GÖZDAĞI SOSYAL TESİSİ,40.8906409,29.2536092,İBB Sosyal Tesis
HALİÇ SOSYAL TESİSİ,41.028283,28.957092,İBB Sosyal Tesis
İSTİNYE SOSYAL TESİSİ,41.1147873,29.0549822,İBB Sosyal Tesis
KASIMPAŞA SOSYAL TESİSİ,41.0299569,28.9667688,İBB Sosyal Tesis
KÜÇÜK ÇAMLICA SOSYAL TESİSİ,41.016344,29.064013,İBB Sosyal Tesis
KÜÇÜKÇEKMECE SOSYAL TESİSİ,40.9998227,28.765311,İBB Sosyal Tesis
SAFA TEPESİ SOSYAL TESİSİ,41.0137496,29.2547994,İBB Sosyal Tesis
SULTANBEYLİ SOSYAL TESİSİ,40.954071,29.276533,İBB Sosyal Tesis
YAKUPLU SOSYAL TESİSİ,41.0036611,28.6677748,İBB Sosyal Tesis
BEYKOZ KIR BAHÇESİ SOSYAL TESİSİ,41.134419,29.1006,İBB Sosyal Tesis
PEMBE KÖŞK SOSYAL TESİSİ,41.109894,29.05697,İBB Sosyal Tesis
KIR KAHVESİ SOSYAL TESİSİ,41.0479649,29.0131607,İBB Sosyal Tesis
PAŞALİMANI SOSYAL TESİSİ,41.032235,29.022992,İBB Sosyal Tesis
FLORYA YERLEŞİM BİRİMLERİ,40.971945,28.788689,İBB Sosyal Tesis
ZEYTİNBURNU SOSYAL TESİSİ,40.9850535,28.906515,İBB Sosyal Tesis
1453 ÇIRPICI SOSYAL TESİSİ,41.0003203,28.8892505,İBB Sosyal Tesis
DENİZKÖŞK SOSYAL TESİSİ,40.974184,28.743431,İBB Sosyal Tesis
GÜNGÖREN SOSYAL TESİSİ,41.0363577,28.871629,İBB Sosyal Tesis
Ayasofya Camii,41.008583,28.980175,Turistik Yer
Topkapı Sarayı Müzesi,41.01152,28.983379,Turistik Yer
Sultan Ahmet Camii,41.00541,28.976814,Turistik Yer
Sultanahmet Meydanı,41.006329,28.975705,Turistik Yer
Dolmabahçe Sarayı,41.039164,29.000459,Turistik Yer
Galata Kulesi,41.025569,28.974129,Turistik Yer
İstanbul Boğazı,41.221313,29.129016,Turistik Yer
Kız Kulesi,41.021141,29.004131,Turistik Yer
Kapalı Çarşı (Grand Bazaar),41.010685,28.968068,Turistik Yer
Eminönü,41.014936,28.965977,Turistik Yer
Mısır Çarşısı,41.0165,28.970519,Turistik Yer
Taksim Meydanı,41.037002,28.985092,Turistik Yer
Aya İrini Müzesi,41.00961,28.981183,Turistik Yer
Rahmi M. Koç Müzesi,41.042539,28.949184,Turistik Yer
Süleymaniye Camii,41.016047,28.963971,Turistik Yer
Gülhane Parkı,41.013308,28.98151,Turistik Yer
Ortaköy Camii,41.047215,29.026948,Turistik Yer
Fatih Camii,41.019653,28.949919,Turistik Yer
Yeni Camii,41.016986,28.971959,Turistik Yer
Ahrida Sinagogu,41.032883,28.94573,Turistik Yer
Eyüp Sultan Camii,41.047849,28.933759,Turistik Yer
Pierre Loti Tepesi,41.054328,28.933408,Turistik Yer
Miniatürk,41.058993,28.949219,Turistik Yer
İstanbul Oyuncak Müzesi,40.975973,29.070712,Turistik Yer
Pera Müzesi,41.031854,28.975058,Turistik Yer
Sakıp Sabancı Müzesi,41.105556,29.056944,Turistik Yer
Emirgan Korusu,41.10865,29.053112,Turistik Yer
Atatürk Arboretumu,41.176626,28.985378,Turistik Yer
Belgrad Ormanı,41.184012,28.988502,Turistik Yer
Maçka Demokrasi Parkı,41.044794,28.993057,Turistik Yer
Polonezköy Tabiat Parkı,41.110617,29.204458,Turistik Yer
Fenerbahçe Parkı,40.969042,29.036065,Turistik Yer
Nezahat Gökyiğit Botanik Bahçesi,40.998714,29.120176,Turistik Yer
Nişantaşı,41.049464,28.992018,Turistik Yer
Bebek,41.077744,29.041629,Turistik Yer
Balat,41.029211,28.948498,Turistik Yer
Rumeli Hisarı,41.084822,29.056698,Turistik Yer
Beylerbeyi Sarayı,41.042645,29.039905,Turistik Yer
Garipçe,41.210072,29.106903,Turistik Yer
Çamlıca Tepesi,41.028244,29.069162,Turistik Yer
Anadolu Kavağı,41.173816,29.088682,Turistik Yer
Mihrabat Korusu,41.096771,29.068753,Turistik Yer
Büyükada,40.85604,29.11871,Turistik Yer
Heybeliada,40.873336,29.089627,Turistik Yer
Kınalıada,40.908056,29.052222,Turistik Yer
Burgazada,40.88,29.066944,Turistik Yer
Küçüksu Kasrı,41.078418,29.064879,Turistik Yer
Adile Sultan Sarayı,41.070951,29.057289,Turistik Yer
Caddebostan Sahili,40.962217,29.062227,Turistik Yer
Moda Sahili,40.980008,29.022831,Turistik Yer
Kadıköy Boğa Heykeli,40.990468,29.029171,Turistik Yer
Bağdat Caddesi,40.95884,29.083769,Turistik Yer
Kanlıca,41.099008,29.073629,Turistik Yer
Gözdağı Korusu,40.890641,29.253609,Turistik Yer
Çubuklu Korusu,41.101984,29.08381,Turistik Yer
Otağtepe Parkı,41.090137,29.071269,Turistik Yer
Haydarpaşa Garı,40.996825,29.019294,Turistik Yer
Çinili Camii,41.019924,29.02919,Turistik Yer
Cağaloğlu Hamamı,41.010594,28.975337,Turistik Yer
Kılıç Ali Paşa Hamamı,41.026191,28.980632,Turistik Yer
Yedikule Zindanları,40.993485,28.92274,Turistik Yer
Panorama 1453 Tarih Müzesi,41.018277,28.920391,Turistik Yer
Anadolu Hisarı,41.085932,29.07072,Turistik Yer
Tarihi Çınaraltı Çay Bahçesi,41.050281,29.052401,Turistik Yer
Deniz Müzesi,41.041464,29.005435,Turistik Yer
Florya Atatürk Deniz Köşkü,40.973797,28.783353,Turistik Yer
Çamlıca Kulesi,41.016699,29.065992,Turistik Yer
Ağva,41.138653,29.856061,Turistik Yer
Şile,41.10273,29.653418,Turistik Yer
Dragos Tepesi,40.901348,29.14666,Turistik Yer
Selimiye Kışlası,41.008215,29.015883,Turistik Yer
Göztepe 60. Yıl Parkı,40.969968,29.05786,Turistik Yer
İsfanbul,41.074267,28.924014,Turistik Yer
Mihrimah Sultan Cami,41.026779,29.015982,Turistik Yer
Galatasaray Hamamı,41.032831,28.97989,Turistik Yer
İstanbul Arkeoloji Müzeleri,41.011686,28.981331,Turistik Yer
Boğaz Turu,41.079257,29.046922,Turistik Yer
Beşiktaş İskelesi,41.041212,29.007308,Turistik Yer
Fişekhane,40.983048,28.9051,Turistik Yer
Kanlıca İskelesi,41.100224,29.065385,Turistik Yer
Arasta Çarşısı,41.005329,28.978202,Turistik Yer
Galataport,41.027352,28.985484,Turistik Yer
Çemberlitaş,41.00918,28.970169,Turistik Yer
Kumkapı,41.00426,28.964697,Turistik Yer
Kanlıca Yoğurtçu Parkı,41.099008,29.073629,Turistik Yer
Asmalımescit,41.030909,28.97506,Turistik Yer
Vefa Bozacısı,41.015318,28.95842,Turistik Yer
Ayasofya Hürrem Sultan Hamamı,41.007258,28.979137,Turistik Yer
Arnavutköy,41.186394,28.738889,Turistik Yer
Yeşilköy Rum Ortodoks Kilisesi,40.977648,28.818895,Turistik Yer
Turkcell Platinum Park,41.115306,28.993554,Turistik Yer
